<?xml version='1.0' encoding='utf-8'?>
<!DOCTYPE hibernate-configuration PUBLIC
        "-//Hibernate/Hibernate Configuration DTD 3.0//EN"
        "http://www.hibernate.org/dtd/hibernate-configuration-3.0.dtd">

<hibernate-configuration>
    <session-factory>
        <property name="connection.driver_class">org.h2.Driver</property>
        <property name="connection.url">jdbc:h2:./test-jdbc</property>
        <property name="dialect">org.hibernate.dialect.H2Dialect</property>
        <property name="hbm2ddl.auto">create-drop</property>
        <property name="show_sql">true</property>
        <property name="format_sql">true</property>
    </session-factory>
</hibernate-configuration>